{"cameraMode":{"drawMode":0,"name":"Shaded","section":"Shading Mode"},"sceneLighting":true,"audioPlay":false,"sceneViewState":{"m_AlwaysRefresh":false,"showFog":true,"showSkybox":true,"showFlares":true,"showImageEffects":true,"showParticleSystems":true,"showVisualEffectGraphs":true,"m_FxEnabled":true},"in2DMode":false,"pivot":{"x":0.11324136704206467,"y":0.5386432409286499,"z":-0.2556079626083374},"rotation":{"x":0.029987962916493417,"y":0.022487716749310495,"z":-0.0006748907035216689,"w":0.9992976784706116},"size":6.374458312988281,"orthographic":false}